Name,Code,Expiry,Chart URL,Last Price,Change,High,Low,Open,Volume,Contract Code,Front Month,Product URL
E-MINI EURO FX FUTURES,E7H6,MAR 2026,https://www.cmegroup.com/apps/cmegroup/widgets/productLibs/esignal-charts.html?type=p&code=E7&title=Chart%20-%20MAR%202026%20E-mini%20Euro%20FX&venue=1&monthYear=H6&year=2026&exchangeCode=XCME&interval=1&dataWidget=true,1.19560,-0.00210,1.19980,1.19180,1.19950,"2,441",E7H6,true,https://www.cmegroup.com/markets/fx/g10/e-mini-euro-fx.html
E-MINI EURO FX FUTURES,E7H6,MAR 2026,https://www.cmegroup.com/apps/cmegroup/widgets/productLibs/esignal-charts.html?type=p&code=E7&title=Chart%20-%20MAR%202026%20E-mini%20Euro%20FX&venue=1&monthYear=H6&year=2026&exchangeCode=XCME&interval=1&dataWidget=true,1.19560,-0.00210,1.19980,1.19180,1.19950,"2,441",E7H6,false,https://www.cmegroup.com/markets/fx/g10/e-mini-euro-fx.html
E-MINI EURO FX FUTURES,E7M6,JUN 2026,https://www.cmegroup.com/apps/cmegroup/widgets/productLibs/esignal-charts.html?type=p&code=E7&title=Chart%20-%20JUN%202026%20E-mini%20Euro%20FX&venue=1&monthYear=M6&year=2026&exchangeCode=XCME&interval=1&dataWidget=true,1.19920,-0.00350,1.20090,1.19750,1.20090,28,E7M6,false,https://www.cmegroup.com/markets/fx/g10/e-mini-euro-fx.html
MICRO EUR/USD FUTURES,M6EH6,MAR 2026,https://www.cmegroup.com/apps/cmegroup/widgets/productLibs/esignal-charts.html?type=p&code=M6E&title=Chart%20-%20MAR%202026%20Micro%20EUR%2FUSD&venue=1&monthYear=H6&year=2026&exchangeCode=XCME&interval=1&dataWidget=true,1.1957,-0.002,1.1999,1.1918,1.1999,"15,847",M6EH6,true,https://www.cmegroup.com/markets/fx/g10/e-micro-euro.html
MICRO EUR/USD FUTURES,M6EH6,MAR 2026,https://www.cmegroup.com/apps/cmegroup/widgets/productLibs/esignal-charts.html?type=p&code=M6E&title=Chart%20-%20MAR%202026%20Micro%20EUR%2FUSD&venue=1&monthYear=H6&year=2026&exchangeCode=XCME&interval=1&dataWidget=true,1.1957,-0.002,1.1999,1.1918,1.1999,"15,847",M6EH6,false,https://www.cmegroup.com/markets/fx/g10/e-micro-euro.html
MICRO EUR/USD FUTURES,M6EM6,JUN 2026,https://www.cmegroup.com/apps/cmegroup/widgets/productLibs/esignal-charts.html?type=p&code=M6E&title=Chart%20-%20JUN%202026%20Micro%20EUR%2FUSD&venue=1&monthYear=M6&year=2026&exchangeCode=XCME&interval=1&dataWidget=true,1.2006,-0.0021,1.2051,1.197,1.2047,999,M6EM6,false,https://www.cmegroup.com/markets/fx/g10/e-micro-euro.html
20-YEAR U.S. TREASURY BOND FUTURES,TWEH6,MAR 2026,https://www.cmegroup.com/apps/cmegroup/widgets/productLibs/esignal-charts.html?type=p&code=TWE&title=Chart%20-%20MAR%202026%2020-Year%20U.S.%20Treasury%20Bond&venue=0&monthYear=H6&year=2026&exchangeCode=XCBT&interval=1&dataWidget=true,-,-,-,-,-,0,TWEH6,true,https://www.cmegroup.com/markets/interest-rates/us-treasury/20-year-us-treasury-bond.html
20-YEAR U.S. TREASURY BOND FUTURES,TWEM6,JUN 2026,https://www.cmegroup.com/apps/cmegroup/widgets/productLibs/esignal-charts.html?type=p&code=TWE&title=Chart%20-%20JUN%202026%2020-Year%20U.S.%20Treasury%20Bond&venue=0&monthYear=M6&year=2026&exchangeCode=XCBT&interval=1&dataWidget=true,-,-,-,-,-,0,TWEM6,false,https://www.cmegroup.com/markets/interest-rates/us-treasury/20-year-us-treasury-bond.html
20-YEAR U.S. TREASURY BOND FUTURES,TWEH6,MAR 2026,https://www.cmegroup.com/apps/cmegroup/widgets/productLibs/esignal-charts.html?type=p&code=TWE&title=Chart%20-%20MAR%202026%2020-Year%20U.S.%20Treasury%20Bond&venue=0&monthYear=H6&year=2026&exchangeCode=XCBT&interval=1&dataWidget=true,-,-,-,-,-,0,TWEH6,false,https://www.cmegroup.com/markets/interest-rates/us-treasury/20-year-us-treasury-bond.html
20-YEAR U.S. TREASURY BOND FUTURES,TWEU6,SEP 2026,https://www.cmegroup.com/apps/cmegroup/widgets/productLibs/esignal-charts.html?type=p&code=TWE&title=Chart%20-%20SEP%202026%2020-Year%20U.S.%20Treasury%20Bond&venue=0&monthYear=U6&year=2026&exchangeCode=XCBT&interval=1&dataWidget=true,-,-,-,-,-,0,TWEU6,false,https://www.cmegroup.com/markets/interest-rates/us-treasury/20-year-us-treasury-bond.html
ULTRA U.S. TREASURY BOND FUTURES,UBH6,MAR 2026,https://www.cmegroup.com/apps/cmegroup/widgets/productLibs/esignal-charts.html?type=p&code=UB&title=Chart%20-%20MAR%202026%20Ultra%20U.S.%20Treasury%20Bond&venue=0&monthYear=H6&year=2026&exchangeCode=XCBT&interval=1&dataWidget=true,116'27,-0'30,117'24,116'22,117'22,"88,665",UBH6,true,https://www.cmegroup.com/markets/interest-rates/us-treasury/ultra-t-bond.html
ULTRA U.S. TREASURY BOND FUTURES,UBH6,MAR 2026,https://www.cmegroup.com/apps/cmegroup/widgets/productLibs/esignal-charts.html?type=p&code=UB&title=Chart%20-%20MAR%202026%20Ultra%20U.S.%20Treasury%20Bond&venue=0&monthYear=H6&year=2026&exchangeCode=XCBT&interval=1&dataWidget=true,116'27,-0'30,117'24,116'22,117'22,"88,665",UBH6,false,https://www.cmegroup.com/markets/interest-rates/us-treasury/ultra-t-bond.html
ULTRA U.S. TREASURY BOND FUTURES,UBM6,JUN 2026,https://www.cmegroup.com/apps/cmegroup/widgets/productLibs/esignal-charts.html?type=p&code=UB&title=Chart%20-%20JUN%202026%20Ultra%20U.S.%20Treasury%20Bond&venue=0&monthYear=M6&year=2026&exchangeCode=XCBT&interval=1&dataWidget=true,116'15,-0'30,116'29,116'11,116'29,62,UBM6,false,https://www.cmegroup.com/markets/interest-rates/us-treasury/ultra-t-bond.html
ULTRA U.S. TREASURY BOND FUTURES,UBU6,SEP 2026,https://www.cmegroup.com/apps/cmegroup/widgets/productLibs/esignal-charts.html?type=p&code=UB&title=Chart%20-%20SEP%202026%20Ultra%20U.S.%20Treasury%20Bond&venue=0&monthYear=U6&year=2026&exchangeCode=XCBT&interval=1&dataWidget=true,-,-,-,-,-,0,UBU6,false,https://www.cmegroup.com/markets/interest-rates/us-treasury/ultra-t-bond.html
ULTRA 10-YEAR U.S. TREASURY NOTE FUTURES,TNH6,MAR 2026,https://www.cmegroup.com/apps/cmegroup/widgets/productLibs/esignal-charts.html?type=p&code=TN&title=Chart%20-%20MAR%202026%20Ultra%2010-Year%20U.S.%20Treasury%20Note&venue=0&monthYear=H6&year=2026&exchangeCode=XCBT&interval=1&dataWidget=true,113'285,-0'130,114'080,113'280,114'070,"116,241",TNH6,true,https://www.cmegroup.com/markets/interest-rates/us-treasury/ultra-10-year-us-treasury-note.html
ULTRA 10-YEAR U.S. TREASURY NOTE FUTURES,TNH6,MAR 2026,https://www.cmegroup.com/apps/cmegroup/widgets/productLibs/esignal-charts.html?type=p&code=TN&title=Chart%20-%20MAR%202026%20Ultra%2010-Year%20U.S.%20Treasury%20Note&venue=0&monthYear=H6&year=2026&exchangeCode=XCBT&interval=1&dataWidget=true,113'285,-0'130,114'080,113'280,114'070,"116,241",TNH6,false,https://www.cmegroup.com/markets/interest-rates/us-treasury/ultra-10-year-us-treasury-note.html
ULTRA 10-YEAR U.S. TREASURY NOTE FUTURES,TNM6,JUN 2026,https://www.cmegroup.com/apps/cmegroup/widgets/productLibs/esignal-charts.html?type=p&code=TN&title=Chart%20-%20JUN%202026%20Ultra%2010-Year%20U.S.%20Treasury%20Note&venue=0&monthYear=M6&year=2026&exchangeCode=XCBT&interval=1&dataWidget=true,-,-,-,-,-,962,TNM6,false,https://www.cmegroup.com/markets/interest-rates/us-treasury/ultra-10-year-us-treasury-note.html
ULTRA 10-YEAR U.S. TREASURY NOTE FUTURES,TNU6,SEP 2026,https://www.cmegroup.com/apps/cmegroup/widgets/productLibs/esignal-charts.html?type=p&code=TN&title=Chart%20-%20SEP%202026%20Ultra%2010-Year%20U.S.%20Treasury%20Note&venue=0&monthYear=U6&year=2026&exchangeCode=XCBT&interval=1&dataWidget=true,-,-,-,-,-,0,TNU6,false,https://www.cmegroup.com/markets/interest-rates/us-treasury/ultra-10-year-us-treasury-note.html
U.S. TREASURY BOND FUTURES,ZBH6,MAR 2026,https://www.cmegroup.com/apps/cmegroup/widgets/productLibs/esignal-charts.html?type=p&code=ZB&title=Chart%20-%20MAR%202026%20U.S.%20Treasury%20Bond&venue=0&monthYear=H6&year=2026&exchangeCode=XCBT&interval=1&dataWidget=true,114'16,-0'23,115'06,114'14,115'05,"87,721",ZBH6,true,https://www.cmegroup.com/markets/interest-rates/us-treasury/30-year-us-treasury-bond.html
U.S. TREASURY BOND FUTURES,ZBH6,MAR 2026,https://www.cmegroup.com/apps/cmegroup/widgets/productLibs/esignal-charts.html?type=p&code=ZB&title=Chart%20-%20MAR%202026%20U.S.%20Treasury%20Bond&venue=0&monthYear=H6&year=2026&exchangeCode=XCBT&interval=1&dataWidget=true,114'16,-0'23,115'06,114'14,115'05,"87,721",ZBH6,false,https://www.cmegroup.com/markets/interest-rates/us-treasury/30-year-us-treasury-bond.html
U.S. TREASURY BOND FUTURES,ZBM6,JUN 2026,https://www.cmegroup.com/apps/cmegroup/widgets/productLibs/esignal-charts.html?type=p&code=ZB&title=Chart%20-%20JUN%202026%20U.S.%20Treasury%20Bond&venue=0&monthYear=M6&year=2026&exchangeCode=XCBT&interval=1&dataWidget=true,114'02,-0'22,114'15,113'31,114'15,139,ZBM6,false,https://www.cmegroup.com/markets/interest-rates/us-treasury/30-year-us-treasury-bond.html
U.S. TREASURY BOND FUTURES,ZBU6,SEP 2026,https://www.cmegroup.com/apps/cmegroup/widgets/productLibs/esignal-charts.html?type=p&code=ZB&title=Chart%20-%20SEP%202026%20U.S.%20Treasury%20Bond&venue=0&monthYear=U6&year=2026&exchangeCode=XCBT&interval=1&dataWidget=true,113'23,-0'19,113'23,113'23,113'23,1,ZBU6,false,https://www.cmegroup.com/markets/interest-rates/us-treasury/30-year-us-treasury-bond.html
10-YEAR T-NOTE FUTURES,ZNH6,MAR 2026,https://www.cmegroup.com/apps/cmegroup/widgets/productLibs/esignal-charts.html?type=p&code=ZN&title=Chart%20-%20MAR%202026%2010-Year%20T-Note&venue=0&monthYear=H6&year=2026&exchangeCode=XCBT&interval=1&dataWidget=true,111'185,-0'090,111'260,111'175,111'250,"339,204",ZNH6,true,https://www.cmegroup.com/markets/interest-rates/us-treasury/10-year-us-treasury-note.html
10-YEAR T-NOTE FUTURES,ZNH6,MAR 2026,https://www.cmegroup.com/apps/cmegroup/widgets/productLibs/esignal-charts.html?type=p&code=ZN&title=Chart%20-%20MAR%202026%2010-Year%20T-Note&venue=0&monthYear=H6&year=2026&exchangeCode=XCBT&interval=1&dataWidget=true,111'185,-0'090,111'260,111'175,111'250,"339,204",ZNH6,false,https://www.cmegroup.com/markets/interest-rates/us-treasury/10-year-us-treasury-note.html
10-YEAR T-NOTE FUTURES,ZNM6,JUN 2026,https://www.cmegroup.com/apps/cmegroup/widgets/productLibs/esignal-charts.html?type=p&code=ZN&title=Chart%20-%20JUN%202026%2010-Year%20T-Note&venue=0&monthYear=M6&year=2026&exchangeCode=XCBT&interval=1&dataWidget=true,111'130,-0'090,111'180,111'125,111'180,362,ZNM6,false,https://www.cmegroup.com/markets/interest-rates/us-treasury/10-year-us-treasury-note.html
10-YEAR T-NOTE FUTURES,ZNU6,SEP 2026,https://www.cmegroup.com/apps/cmegroup/widgets/productLibs/esignal-charts.html?type=p&code=ZN&title=Chart%20-%20SEP%202026%2010-Year%20T-Note&venue=0&monthYear=U6&year=2026&exchangeCode=XCBT&interval=1&dataWidget=true,111'115,-0'065,111'115,111'115,111'115,1,ZNU6,false,https://www.cmegroup.com/markets/interest-rates/us-treasury/10-year-us-treasury-note.html
5-YEAR T-NOTE FUTURES,ZFH6,MAR 2026,https://www.cmegroup.com/apps/cmegroup/widgets/productLibs/esignal-charts.html?type=p&code=ZF&title=Chart%20-%20MAR%202026%205-Year%20T-Note&venue=0&monthYear=H6&year=2026&exchangeCode=XCBT&interval=1&dataWidget=true,108'237,-0'045,108'272,108'227,108'267,"241,589",ZFH6,true,https://www.cmegroup.com/markets/interest-rates/us-treasury/5-year-us-treasury-note.html
5-YEAR T-NOTE FUTURES,ZFH6,MAR 2026,https://www.cmegroup.com/apps/cmegroup/widgets/productLibs/esignal-charts.html?type=p&code=ZF&title=Chart%20-%20MAR%202026%205-Year%20T-Note&venue=0&monthYear=H6&year=2026&exchangeCode=XCBT&interval=1&dataWidget=true,108'237,-0'045,108'272,108'227,108'267,"241,589",ZFH6,false,https://www.cmegroup.com/markets/interest-rates/us-treasury/5-year-us-treasury-note.html
5-YEAR T-NOTE FUTURES,ZFM6,JUN 2026,https://www.cmegroup.com/apps/cmegroup/widgets/productLibs/esignal-charts.html?type=p&code=ZF&title=Chart%20-%20JUN%202026%205-Year%20T-Note&venue=0&monthYear=M6&year=2026&exchangeCode=XCBT&interval=1&dataWidget=true,108'212,-0'052,108'232,108'212,108'232,"1,110",ZFM6,false,https://www.cmegroup.com/markets/interest-rates/us-treasury/5-year-us-treasury-note.html
5-YEAR T-NOTE FUTURES,ZFU6,SEP 2026,https://www.cmegroup.com/apps/cmegroup/widgets/productLibs/esignal-charts.html?type=p&code=ZF&title=Chart%20-%20SEP%202026%205-Year%20T-Note&venue=0&monthYear=U6&year=2026&exchangeCode=XCBT&interval=1&dataWidget=true,-,-,-,-,-,0,ZFU6,false,https://www.cmegroup.com/markets/interest-rates/us-treasury/5-year-us-treasury-note.html
EURO FX FUTURES,6EH6,MAR 2026,https://www.cmegroup.com/apps/cmegroup/widgets/productLibs/esignal-charts.html?type=p&code=6E&title=Chart%20-%20MAR%202026%20Euro%20FX&venue=0&monthYear=H6&year=2026&exchangeCode=XCME&interval=1&dataWidget=true,1.1957,-0.00195,1.1999,1.1917,1.19905,"57,829",6EH6,true,https://www.cmegroup.com/markets/fx/g10/euro-fx.html
EURO FX FUTURES,6EG6,FEB 2026,https://www.cmegroup.com/apps/cmegroup/widgets/productLibs/esignal-charts.html?type=p&code=6E&title=Chart%20-%20FEB%202026%20Euro%20FX&venue=0&monthYear=G6&year=2026&exchangeCode=XCME&interval=1&dataWidget=true,1.1941,-0.00195,1.1983,1.19115,1.1980,321,6EG6,false,https://www.cmegroup.com/markets/fx/g10/euro-fx.html
EURO FX FUTURES,6EH6,MAR 2026,https://www.cmegroup.com/apps/cmegroup/widgets/productLibs/esignal-charts.html?type=p&code=6E&title=Chart%20-%20MAR%202026%20Euro%20FX&venue=0&monthYear=H6&year=2026&exchangeCode=XCME&interval=1&dataWidget=true,1.1957,-0.00195,1.1999,1.1917,1.19905,"57,829",6EH6,false,https://www.cmegroup.com/markets/fx/g10/euro-fx.html
EURO FX FUTURES,6EJ6,APR 2026,https://www.cmegroup.com/apps/cmegroup/widgets/productLibs/esignal-charts.html?type=p&code=6E&title=Chart%20-%20APR%202026%20Euro%20FX&venue=0&monthYear=J6&year=2026&exchangeCode=XCME&interval=1&dataWidget=true,1.1958,-0.0034,1.1961,1.1958,1.1961,5,6EJ6,false,https://www.cmegroup.com/markets/fx/g10/euro-fx.html
EURO FX FUTURES,6EK6,MAY 2026,https://www.cmegroup.com/apps/cmegroup/widgets/productLibs/esignal-charts.html?type=p&code=6E&title=Chart%20-%20MAY%202026%20Euro%20FX&venue=0&monthYear=K6&year=2026&exchangeCode=XCME&interval=1&dataWidget=true,1.1990,-0.00215,1.1990,1.1990,1.1990,8,6EK6,false,https://www.cmegroup.com/markets/fx/g10/euro-fx.html
EURO FX FUTURES,6EM6,JUN 2026,https://www.cmegroup.com/apps/cmegroup/widgets/productLibs/esignal-charts.html?type=p&code=6E&title=Chart%20-%20JUN%202026%20Euro%20FX&venue=0&monthYear=M6&year=2026&exchangeCode=XCME&interval=1&dataWidget=true,1.20045,-0.00225,1.2048,1.19705,1.2048,140,6EM6,false,https://www.cmegroup.com/markets/fx/g10/euro-fx.html
EURO FX FUTURES,6EU6,SEP 2026,https://www.cmegroup.com/apps/cmegroup/widgets/productLibs/esignal-charts.html?type=p&code=6E&title=Chart%20-%20SEP%202026%20Euro%20FX&venue=0&monthYear=U6&year=2026&exchangeCode=XCME&interval=1&dataWidget=true,1.20365,-0.00365,1.20465,1.2025,1.20445,7,6EU6,false,https://www.cmegroup.com/markets/fx/g10/euro-fx.html
EURO FX FUTURES,6EZ6,DEC 2026,https://www.cmegroup.com/apps/cmegroup/widgets/productLibs/esignal-charts.html?type=p&code=6E&title=Chart%20-%20DEC%202026%20Euro%20FX&venue=0&monthYear=Z6&year=2026&exchangeCode=XCME&interval=1&dataWidget=true,1.20865,-0.00295,1.20865,1.20735,1.20735,20,6EZ6,false,https://www.cmegroup.com/markets/fx/g10/euro-fx.html
EURO FX FUTURES,6EH7,MAR 2027,https://www.cmegroup.com/apps/cmegroup/widgets/productLibs/esignal-charts.html?type=p&code=6E&title=Chart%20-%20MAR%202027%20Euro%20FX&venue=0&monthYear=H7&year=2027&exchangeCode=XCME&interval=1&dataWidget=true,-,-,-,-,-,0,6EH7,false,https://www.cmegroup.com/markets/fx/g10/euro-fx.html
EURO FX FUTURES,6EM7,JUN 2027,https://www.cmegroup.com/apps/cmegroup/widgets/productLibs/esignal-charts.html?type=p&code=6E&title=Chart%20-%20JUN%202027%20Euro%20FX&venue=0&monthYear=M7&year=2027&exchangeCode=XCME&interval=1&dataWidget=true,-,-,-,-,-,0,6EM7,false,https://www.cmegroup.com/markets/fx/g10/euro-fx.html
EURO FX FUTURES,6EU7,SEP 2027,https://www.cmegroup.com/apps/cmegroup/widgets/productLibs/esignal-charts.html?type=p&code=6E&title=Chart%20-%20SEP%202027%20Euro%20FX&venue=0&monthYear=U7&year=2027&exchangeCode=XCME&interval=1&dataWidget=true,-,-,-,-,-,0,6EU7,false,https://www.cmegroup.com/markets/fx/g10/euro-fx.html
EURO FX FUTURES,6EZ7,DEC 2027,https://www.cmegroup.com/apps/cmegroup/widgets/productLibs/esignal-charts.html?type=p&code=6E&title=Chart%20-%20DEC%202027%20Euro%20FX&venue=0&monthYear=Z7&year=2027&exchangeCode=XCME&interval=1&dataWidget=true,-,-,-,-,-,0,6EZ7,false,https://www.cmegroup.com/markets/fx/g10/euro-fx.html
EURO FX FUTURES,6EH8,MAR 2028,https://www.cmegroup.com/apps/cmegroup/widgets/productLibs/esignal-charts.html?type=p&code=6E&title=Chart%20-%20MAR%202028%20Euro%20FX&venue=0&monthYear=H8&year=2028&exchangeCode=XCME&interval=1&dataWidget=true,-,-,-,-,-,0,6EH8,false,https://www.cmegroup.com/markets/fx/g10/euro-fx.html
EURO FX FUTURES,6EM8,JUN 2028,https://www.cmegroup.com/apps/cmegroup/widgets/productLibs/esignal-charts.html?type=p&code=6E&title=Chart%20-%20JUN%202028%20Euro%20FX&venue=0&monthYear=M8&year=2028&exchangeCode=XCME&interval=1&dataWidget=true,-,-,-,-,-,0,6EM8,false,https://www.cmegroup.com/markets/fx/g10/euro-fx.html
EURO FX FUTURES,6EU8,SEP 2028,https://www.cmegroup.com/apps/cmegroup/widgets/productLibs/esignal-charts.html?type=p&code=6E&title=Chart%20-%20SEP%202028%20Euro%20FX&venue=0&monthYear=U8&year=2028&exchangeCode=XCME&interval=1&dataWidget=true,-,-,-,-,-,0,6EU8,false,https://www.cmegroup.com/markets/fx/g10/euro-fx.html
EURO FX FUTURES,6EZ8,DEC 2028,https://www.cmegroup.com/apps/cmegroup/widgets/productLibs/esignal-charts.html?type=p&code=6E&title=Chart%20-%20DEC%202028%20Euro%20FX&venue=0&monthYear=Z8&year=2028&exchangeCode=XCME&interval=1&dataWidget=true,-,-,-,-,-,0,6EZ8,false,https://www.cmegroup.com/markets/fx/g10/euro-fx.html
2-YEAR T-NOTE FUTURES,ZTH6,MAR 2026,https://www.cmegroup.com/apps/cmegroup/widgets/productLibs/esignal-charts.html?type=p&code=ZT&title=Chart%20-%20MAR%202026%202-Year%20T-Note&venue=0&monthYear=H6&year=2026&exchangeCode=XCBT&interval=1&dataWidget=true,104'053,-0'011,104'063,104'048,104'060,"160,233",ZTH6,true,https://www.cmegroup.com/markets/interest-rates/us-treasury/2-year-us-treasury-note.html
2-YEAR T-NOTE FUTURES,ZTH6,MAR 2026,https://www.cmegroup.com/apps/cmegroup/widgets/productLibs/esignal-charts.html?type=p&code=ZT&title=Chart%20-%20MAR%202026%202-Year%20T-Note&venue=0&monthYear=H6&year=2026&exchangeCode=XCBT&interval=1&dataWidget=true,104'053,-0'011,104'063,104'048,104'060,"160,233",ZTH6,false,https://www.cmegroup.com/markets/interest-rates/us-treasury/2-year-us-treasury-note.html
2-YEAR T-NOTE FUTURES,ZTM6,JUN 2026,https://www.cmegroup.com/apps/cmegroup/widgets/productLibs/esignal-charts.html?type=p&code=ZT&title=Chart%20-%20JUN%202026%202-Year%20T-Note&venue=0&monthYear=M6&year=2026&exchangeCode=XCBT&interval=1&dataWidget=true,104'075,-0'012,104'082,104'072,104'077,424,ZTM6,false,https://www.cmegroup.com/markets/interest-rates/us-treasury/2-year-us-treasury-note.html
2-YEAR T-NOTE FUTURES,ZTU6,SEP 2026,https://www.cmegroup.com/apps/cmegroup/widgets/productLibs/esignal-charts.html?type=p&code=ZT&title=Chart%20-%20SEP%202026%202-Year%20T-Note&venue=0&monthYear=U6&year=2026&exchangeCode=XCBT&interval=1&dataWidget=true,-,-,-,-,-,0,ZTU6,false,https://www.cmegroup.com/markets/interest-rates/us-treasury/2-year-us-treasury-note.html
THREE-MONTH SOFR FUTURES,SR3M6,JUN 2026,https://www.cmegroup.com/apps/cmegroup/widgets/productLibs/esignal-charts.html?type=p&code=SR3&title=Chart%20-%20JUN%202026%20Three-Month%20SOFR&venue=0&monthYear=M6&year=2026&exchangeCode=XCME&interval=1&dataWidget=true,96.545,-0.005,96.555,96.535,96.55,"132,776",SR3M6,true,https://www.cmegroup.com/markets/interest-rates/stirs/three-month-sofr.html
THREE-MONTH SOFR FUTURES,SR3X5,NOV 2025,https://www.cmegroup.com/apps/cmegroup/widgets/productLibs/esignal-charts.html?type=p&code=SR3&title=Chart%20-%20NOV%202025%20Three-Month%20SOFR&venue=0&monthYear=X5&year=2025&exchangeCode=XCME&interval=1&dataWidget=true,-,-,-,-,-,0,SR3X5,false,https://www.cmegroup.com/markets/interest-rates/stirs/three-month-sofr.html
THREE-MONTH SOFR FUTURES,SR3Z5,DEC 2025,https://www.cmegroup.com/apps/cmegroup/widgets/productLibs/esignal-charts.html?type=p&code=SR3&title=Chart%20-%20DEC%202025%20Three-Month%20SOFR&venue=0&monthYear=Z5&year=2025&exchangeCode=XCME&interval=1&dataWidget=true,96.31,UNCH,96.31,96.3075,96.3075,"2,092",SR3Z5,false,https://www.cmegroup.com/markets/interest-rates/stirs/three-month-sofr.html
THREE-MONTH SOFR FUTURES,SR3F6,JAN 2026,https://www.cmegroup.com/apps/cmegroup/widgets/productLibs/esignal-charts.html?type=p&code=SR3&title=Chart%20-%20JAN%202026%20Three-Month%20SOFR&venue=0&monthYear=F6&year=2026&exchangeCode=XCME&interval=1&dataWidget=true,96.3325,UNCH,96.3325,96.3325,96.3325,338,SR3F6,false,https://www.cmegroup.com/markets/interest-rates/stirs/three-month-sofr.html
THREE-MONTH SOFR FUTURES,SR3G6,FEB 2026,https://www.cmegroup.com/apps/cmegroup/widgets/productLibs/esignal-charts.html?type=p&code=SR3&title=Chart%20-%20FEB%202026%20Three-Month%20SOFR&venue=0&monthYear=G6&year=2026&exchangeCode=XCME&interval=1&dataWidget=true,-,-,-,-,-,0,SR3G6,false,https://www.cmegroup.com/markets/interest-rates/stirs/three-month-sofr.html
THREE-MONTH SOFR FUTURES,SR3H6,MAR 2026,https://www.cmegroup.com/apps/cmegroup/widgets/productLibs/esignal-charts.html?type=p&code=SR3&title=Chart%20-%20MAR%202026%20Three-Month%20SOFR&venue=0&monthYear=H6&year=2026&exchangeCode=XCME&interval=1&dataWidget=true,96.38,UNCH,96.385,96.375,96.38,"116,211",SR3H6,false,https://www.cmegroup.com/markets/interest-rates/stirs/three-month-sofr.html
THREE-MONTH SOFR FUTURES,SR3J6,APR 2026,https://www.cmegroup.com/apps/cmegroup/widgets/productLibs/esignal-charts.html?type=p&code=SR3&title=Chart%20-%20APR%202026%20Three-Month%20SOFR&venue=0&monthYear=J6&year=2026&exchangeCode=XCME&interval=1&dataWidget=true,-,-,-,-,-,0,SR3J6,false,https://www.cmegroup.com/markets/interest-rates/stirs/three-month-sofr.html
THREE-MONTH SOFR FUTURES,SR3K6,MAY 2026,https://www.cmegroup.com/apps/cmegroup/widgets/productLibs/esignal-charts.html?type=p&code=SR3&title=Chart%20-%20MAY%202026%20Three-Month%20SOFR&venue=0&monthYear=K6&year=2026&exchangeCode=XCME&interval=1&dataWidget=true,-,-,-,-,-,0,SR3K6,false,https://www.cmegroup.com/markets/interest-rates/stirs/three-month-sofr.html
THREE-MONTH SOFR FUTURES,SR3M6,JUN 2026,https://www.cmegroup.com/apps/cmegroup/widgets/productLibs/esignal-charts.html?type=p&code=SR3&title=Chart%20-%20JUN%202026%20Three-Month%20SOFR&venue=0&monthYear=M6&year=2026&exchangeCode=XCME&interval=1&dataWidget=true,96.545,-0.005,96.555,96.535,96.55,"132,776",SR3M6,false,https://www.cmegroup.com/markets/interest-rates/stirs/three-month-sofr.html
THREE-MONTH SOFR FUTURES,SR3N6,JUL 2026,https://www.cmegroup.com/apps/cmegroup/widgets/productLibs/esignal-charts.html?type=p&code=SR3&title=Chart%20-%20JUL%202026%20Three-Month%20SOFR&venue=0&monthYear=N6&year=2026&exchangeCode=XCME&interval=1&dataWidget=true,-,-,-,-,-,0,SR3N6,false,https://www.cmegroup.com/markets/interest-rates/stirs/three-month-sofr.html
THREE-MONTH SOFR FUTURES,SR3U6,SEP 2026,https://www.cmegroup.com/apps/cmegroup/widgets/productLibs/esignal-charts.html?type=p&code=SR3&title=Chart%20-%20SEP%202026%20Three-Month%20SOFR&venue=0&monthYear=U6&year=2026&exchangeCode=XCME&interval=1&dataWidget=true,96.71,-0.015,96.73,96.705,96.72,"131,215",SR3U6,false,https://www.cmegroup.com/markets/interest-rates/stirs/three-month-sofr.html
THREE-MONTH SOFR FUTURES,SR3Z6,DEC 2026,https://www.cmegroup.com/apps/cmegroup/widgets/productLibs/esignal-charts.html?type=p&code=SR3&title=Chart%20-%20DEC%202026%20Three-Month%20SOFR&venue=0&monthYear=Z6&year=2026&exchangeCode=XCME&interval=1&dataWidget=true,96.775,-0.015,96.785,96.76,96.78,"158,234",SR3Z6,false,https://www.cmegroup.com/markets/interest-rates/stirs/three-month-sofr.html
THREE-MONTH SOFR FUTURES,SR3H7,MAR 2027,https://www.cmegroup.com/apps/cmegroup/widgets/productLibs/esignal-charts.html?type=p&code=SR3&title=Chart%20-%20MAR%202027%20Three-Month%20SOFR&venue=0&monthYear=H7&year=2027&exchangeCode=XCME&interval=1&dataWidget=true,96.77,-0.015,96.785,96.76,96.775,"95,051",SR3H7,false,https://www.cmegroup.com/markets/interest-rates/stirs/three-month-sofr.html
THREE-MONTH SOFR FUTURES,SR3M7,JUN 2027,https://www.cmegroup.com/apps/cmegroup/widgets/productLibs/esignal-charts.html?type=p&code=SR3&title=Chart%20-%20JUN%202027%20Three-Month%20SOFR&venue=0&monthYear=M7&year=2027&exchangeCode=XCME&interval=1&dataWidget=true,96.735,-0.02,96.755,96.73,96.745,"66,667",SR3M7,false,https://www.cmegroup.com/markets/interest-rates/stirs/three-month-sofr.html
THREE-MONTH SOFR FUTURES,SR3U7,SEP 2027,https://www.cmegroup.com/apps/cmegroup/widgets/productLibs/esignal-charts.html?type=p&code=SR3&title=Chart%20-%20SEP%202027%20Three-Month%20SOFR&venue=0&monthYear=U7&year=2027&exchangeCode=XCME&interval=1&dataWidget=true,96.695,-0.02,96.71,96.685,96.70,"57,097",SR3U7,false,https://www.cmegroup.com/markets/interest-rates/stirs/three-month-sofr.html
THREE-MONTH SOFR FUTURES,SR3Z7,DEC 2027,https://www.cmegroup.com/apps/cmegroup/widgets/productLibs/esignal-charts.html?type=p&code=SR3&title=Chart%20-%20DEC%202027%20Three-Month%20SOFR&venue=0&monthYear=Z7&year=2027&exchangeCode=XCME&interval=1&dataWidget=true,96.64,-0.03,96.66,96.635,96.65,"59,156",SR3Z7,false,https://www.cmegroup.com/markets/interest-rates/stirs/three-month-sofr.html
THREE-MONTH SOFR FUTURES,SR3H8,MAR 2028,https://www.cmegroup.com/apps/cmegroup/widgets/productLibs/esignal-charts.html?type=p&code=SR3&title=Chart%20-%20MAR%202028%20Three-Month%20SOFR&venue=0&monthYear=H8&year=2028&exchangeCode=XCME&interval=1&dataWidget=true,96.585,-0.03,96.60,96.58,96.60,"28,315",SR3H8,false,https://www.cmegroup.com/markets/interest-rates/stirs/three-month-sofr.html
THREE-MONTH SOFR FUTURES,SR3M8,JUN 2028,https://www.cmegroup.com/apps/cmegroup/widgets/productLibs/esignal-charts.html?type=p&code=SR3&title=Chart%20-%20JUN%202028%20Three-Month%20SOFR&venue=0&monthYear=M8&year=2028&exchangeCode=XCME&interval=1&dataWidget=true,96.525,-0.03,96.545,96.52,96.54,"26,283",SR3M8,false,https://www.cmegroup.com/markets/interest-rates/stirs/three-month-sofr.html
30 DAY FEDERAL FUNDS FUTURES,ZQM6,JUN 2026,https://www.cmegroup.com/apps/cmegroup/widgets/productLibs/esignal-charts.html?type=p&code=ZQ&title=Chart%20-%20JUN%202026%2030%20Day%20Federal%20Funds&venue=0&monthYear=M6&year=2026&exchangeCode=XCBT&interval=1&dataWidget=true,96.50,+0.005,96.50,96.495,96.495,"11,075",ZQM6,true,https://www.cmegroup.com/markets/interest-rates/stirs/30-day-federal-fund.html
30 DAY FEDERAL FUNDS FUTURES,ZQF6,JAN 2026,https://www.cmegroup.com/apps/cmegroup/widgets/productLibs/esignal-charts.html?type=p&code=ZQ&title=Chart%20-%20JAN%202026%2030%20Day%20Federal%20Funds&venue=0&monthYear=F6&year=2026&exchangeCode=XCBT&interval=1&dataWidget=true,96.36,UNCH,96.3625,96.36,96.36,607,ZQF6,false,https://www.cmegroup.com/markets/interest-rates/stirs/30-day-federal-fund.html
30 DAY FEDERAL FUNDS FUTURES,ZQG6,FEB 2026,https://www.cmegroup.com/apps/cmegroup/widgets/productLibs/esignal-charts.html?type=p&code=ZQ&title=Chart%20-%20FEB%202026%2030%20Day%20Federal%20Funds&venue=0&monthYear=G6&year=2026&exchangeCode=XCBT&interval=1&dataWidget=true,96.365,UNCH,96.37,96.365,96.365,"6,663",ZQG6,false,https://www.cmegroup.com/markets/interest-rates/stirs/30-day-federal-fund.html
30 DAY FEDERAL FUNDS FUTURES,ZQH6,MAR 2026,https://www.cmegroup.com/apps/cmegroup/widgets/productLibs/esignal-charts.html?type=p&code=ZQ&title=Chart%20-%20MAR%202026%2030%20Day%20Federal%20Funds&venue=0&monthYear=H6&year=2026&exchangeCode=XCBT&interval=1&dataWidget=true,96.385,+0.005,96.385,96.385,96.385,"3,973",ZQH6,false,https://www.cmegroup.com/markets/interest-rates/stirs/30-day-federal-fund.html
30 DAY FEDERAL FUNDS FUTURES,ZQJ6,APR 2026,https://www.cmegroup.com/apps/cmegroup/widgets/productLibs/esignal-charts.html?type=p&code=ZQ&title=Chart%20-%20APR%202026%2030%20Day%20Federal%20Funds&venue=0&monthYear=J6&year=2026&exchangeCode=XCBT&interval=1&dataWidget=true,96.405,+0.005,96.405,96.40,96.405,"4,940",ZQJ6,false,https://www.cmegroup.com/markets/interest-rates/stirs/30-day-federal-fund.html
30 DAY FEDERAL FUNDS FUTURES,ZQK6,MAY 2026,https://www.cmegroup.com/apps/cmegroup/widgets/productLibs/esignal-charts.html?type=p&code=ZQ&title=Chart%20-%20MAY%202026%2030%20Day%20Federal%20Funds&venue=0&monthYear=K6&year=2026&exchangeCode=XCBT&interval=1&dataWidget=true,96.45,+0.005,96.45,96.445,96.445,"9,913",ZQK6,false,https://www.cmegroup.com/markets/interest-rates/stirs/30-day-federal-fund.html
30 DAY FEDERAL FUNDS FUTURES,ZQM6,JUN 2026,https://www.cmegroup.com/apps/cmegroup/widgets/productLibs/esignal-charts.html?type=p&code=ZQ&title=Chart%20-%20JUN%202026%2030%20Day%20Federal%20Funds&venue=0&monthYear=M6&year=2026&exchangeCode=XCBT&interval=1&dataWidget=true,96.50,+0.005,96.50,96.495,96.495,"11,075",ZQM6,false,https://www.cmegroup.com/markets/interest-rates/stirs/30-day-federal-fund.html
30 DAY FEDERAL FUNDS FUTURES,ZQN6,JUL 2026,https://www.cmegroup.com/apps/cmegroup/widgets/productLibs/esignal-charts.html?type=p&code=ZQ&title=Chart%20-%20JUL%202026%2030%20Day%20Federal%20Funds&venue=0&monthYear=N6&year=2026&exchangeCode=XCBT&interval=1&dataWidget=true,96.565,UNCH,96.57,96.56,96.565,"9,766",ZQN6,false,https://www.cmegroup.com/markets/interest-rates/stirs/30-day-federal-fund.html
30 DAY FEDERAL FUNDS FUTURES,ZQQ6,AUG 2026,https://www.cmegroup.com/apps/cmegroup/widgets/productLibs/esignal-charts.html?type=p&code=ZQ&title=Chart%20-%20AUG%202026%2030%20Day%20Federal%20Funds&venue=0&monthYear=Q6&year=2026&exchangeCode=XCBT&interval=1&dataWidget=true,96.64,-0.005,96.64,96.63,96.64,"7,079",ZQQ6,false,https://www.cmegroup.com/markets/interest-rates/stirs/30-day-federal-fund.html
30 DAY FEDERAL FUNDS FUTURES,ZQU6,SEP 2026,https://www.cmegroup.com/apps/cmegroup/widgets/productLibs/esignal-charts.html?type=p&code=ZQ&title=Chart%20-%20SEP%202026%2030%20Day%20Federal%20Funds&venue=0&monthYear=U6&year=2026&exchangeCode=XCBT&interval=1&dataWidget=true,96.685,-0.005,96.69,96.675,96.685,"1,912",ZQU6,false,https://www.cmegroup.com/markets/interest-rates/stirs/30-day-federal-fund.html
30 DAY FEDERAL FUNDS FUTURES,ZQV6,OCT 2026,https://www.cmegroup.com/apps/cmegroup/widgets/productLibs/esignal-charts.html?type=p&code=ZQ&title=Chart%20-%20OCT%202026%2030%20Day%20Federal%20Funds&venue=0&monthYear=V6&year=2026&exchangeCode=XCBT&interval=1&dataWidget=true,96.745,-0.005,96.75,96.735,96.745,"3,572",ZQV6,false,https://www.cmegroup.com/markets/interest-rates/stirs/30-day-federal-fund.html
30 DAY FEDERAL FUNDS FUTURES,ZQX6,NOV 2026,https://www.cmegroup.com/apps/cmegroup/widgets/productLibs/esignal-charts.html?type=p&code=ZQ&title=Chart%20-%20NOV%202026%2030%20Day%20Federal%20Funds&venue=0&monthYear=X6&year=2026&exchangeCode=XCBT&interval=1&dataWidget=true,96.79,-0.01,96.80,96.78,96.79,"2,581",ZQX6,false,https://www.cmegroup.com/markets/interest-rates/stirs/30-day-federal-fund.html
30 DAY FEDERAL FUNDS FUTURES,ZQZ6,DEC 2026,https://www.cmegroup.com/apps/cmegroup/widgets/productLibs/esignal-charts.html?type=p&code=ZQ&title=Chart%20-%20DEC%202026%2030%20Day%20Federal%20Funds&venue=0&monthYear=Z6&year=2026&exchangeCode=XCBT&interval=1&dataWidget=true,96.83,-0.005,96.835,96.82,96.83,990,ZQZ6,false,https://www.cmegroup.com/markets/interest-rates/stirs/30-day-federal-fund.html
30 DAY FEDERAL FUNDS FUTURES,ZQF7,JAN 2027,https://www.cmegroup.com/apps/cmegroup/widgets/productLibs/esignal-charts.html?type=p&code=ZQ&title=Chart%20-%20JAN%202027%2030%20Day%20Federal%20Funds&venue=0&monthYear=F7&year=2027&exchangeCode=XCBT&interval=1&dataWidget=true,96.84,-0.01,96.85,96.83,96.845,546,ZQF7,false,https://www.cmegroup.com/markets/interest-rates/stirs/30-day-federal-fund.html
30 DAY FEDERAL FUNDS FUTURES,ZQG7,FEB 2027,https://www.cmegroup.com/apps/cmegroup/widgets/productLibs/esignal-charts.html?type=p&code=ZQ&title=Chart%20-%20FEB%202027%2030%20Day%20Federal%20Funds&venue=0&monthYear=G7&year=2027&exchangeCode=XCBT&interval=1&dataWidget=true,96.84,-0.01,96.85,96.835,96.84,295,ZQG7,false,https://www.cmegroup.com/markets/interest-rates/stirs/30-day-federal-fund.html
30 DAY FEDERAL FUNDS FUTURES,ZQH7,MAR 2027,https://www.cmegroup.com/apps/cmegroup/widgets/productLibs/esignal-charts.html?type=p&code=ZQ&title=Chart%20-%20MAR%202027%2030%20Day%20Federal%20Funds&venue=0&monthYear=H7&year=2027&exchangeCode=XCBT&interval=1&dataWidget=true,96.835,-0.015,96.835,96.835,96.835,2,ZQH7,false,https://www.cmegroup.com/markets/interest-rates/stirs/30-day-federal-fund.html
30 DAY FEDERAL FUNDS FUTURES,ZQJ7,APR 2027,https://www.cmegroup.com/apps/cmegroup/widgets/productLibs/esignal-charts.html?type=p&code=ZQ&title=Chart%20-%20APR%202027%2030%20Day%20Federal%20Funds&venue=0&monthYear=J7&year=2027&exchangeCode=XCBT&interval=1&dataWidget=true,96.84,-0.01,96.85,96.83,96.83,28,ZQJ7,false,https://www.cmegroup.com/markets/interest-rates/stirs/30-day-federal-fund.html
30 DAY FEDERAL FUNDS FUTURES,ZQK7,MAY 2027,https://www.cmegroup.com/apps/cmegroup/widgets/productLibs/esignal-charts.html?type=p&code=ZQ&title=Chart%20-%20MAY%202027%2030%20Day%20Federal%20Funds&venue=0&monthYear=K7&year=2027&exchangeCode=XCBT&interval=1&dataWidget=true,96.82,-0.015,96.82,96.82,96.82,5,ZQK7,false,https://www.cmegroup.com/markets/interest-rates/stirs/30-day-federal-fund.html
30 DAY FEDERAL FUNDS FUTURES,ZQM7,JUN 2027,https://www.cmegroup.com/apps/cmegroup/widgets/productLibs/esignal-charts.html?type=p&code=ZQ&title=Chart%20-%20JUN%202027%2030%20Day%20Federal%20Funds&venue=0&monthYear=M7&year=2027&exchangeCode=XCBT&interval=1&dataWidget=true,96.82,-0.005,96.82,96.82,96.82,10,ZQM7,false,https://www.cmegroup.com/markets/interest-rates/stirs/30-day-federal-fund.html
30 DAY FEDERAL FUNDS FUTURES,ZQN7,JUL 2027,https://www.cmegroup.com/apps/cmegroup/widgets/productLibs/esignal-charts.html?type=p&code=ZQ&title=Chart%20-%20JUL%202027%2030%20Day%20Federal%20Funds&venue=0&monthYear=N7&year=2027&exchangeCode=XCBT&interval=1&dataWidget=true,96.81,-0.005,96.815,96.81,96.815,15,ZQN7,false,https://www.cmegroup.com/markets/interest-rates/stirs/30-day-federal-fund.html
30 DAY FEDERAL FUNDS FUTURES,ZQQ7,AUG 2027,https://www.cmegroup.com/apps/cmegroup/widgets/productLibs/esignal-charts.html?type=p&code=ZQ&title=Chart%20-%20AUG%202027%2030%20Day%20Federal%20Funds&venue=0&monthYear=Q7&year=2027&exchangeCode=XCBT&interval=1&dataWidget=true,96.81,+0.015,96.81,96.81,96.81,8,ZQQ7,false,https://www.cmegroup.com/markets/interest-rates/stirs/30-day-federal-fund.html
30 DAY FEDERAL FUNDS FUTURES,ZQU7,SEP 2027,https://www.cmegroup.com/apps/cmegroup/widgets/productLibs/esignal-charts.html?type=p&code=ZQ&title=Chart%20-%20SEP%202027%2030%20Day%20Federal%20Funds&venue=0&monthYear=U7&year=2027&exchangeCode=XCBT&interval=1&dataWidget=true,-,-,-,-,-,0,ZQU7,false,https://www.cmegroup.com/markets/interest-rates/stirs/30-day-federal-fund.html
30 DAY FEDERAL FUNDS FUTURES,ZQV7,OCT 2027,https://www.cmegroup.com/apps/cmegroup/widgets/productLibs/esignal-charts.html?type=p&code=ZQ&title=Chart%20-%20OCT%202027%2030%20Day%20Federal%20Funds&venue=0&monthYear=V7&year=2027&exchangeCode=XCBT&interval=1&dataWidget=true,-,-,-,-,-,0,ZQV7,false,https://www.cmegroup.com/markets/interest-rates/stirs/30-day-federal-fund.html
30 DAY FEDERAL FUNDS FUTURES,ZQX7,NOV 2027,https://www.cmegroup.com/apps/cmegroup/widgets/productLibs/esignal-charts.html?type=p&code=ZQ&title=Chart%20-%20NOV%202027%2030%20Day%20Federal%20Funds&venue=0&monthYear=X7&year=2027&exchangeCode=XCBT&interval=1&dataWidget=true,-,-,-,-,-,0,ZQX7,false,https://www.cmegroup.com/markets/interest-rates/stirs/30-day-federal-fund.html
30 DAY FEDERAL FUNDS FUTURES,ZQZ7,DEC 2027,https://www.cmegroup.com/apps/cmegroup/widgets/productLibs/esignal-charts.html?type=p&code=ZQ&title=Chart%20-%20DEC%202027%2030%20Day%20Federal%20Funds&venue=0&monthYear=Z7&year=2027&exchangeCode=XCBT&interval=1&dataWidget=true,-,-,-,-,-,0,ZQZ7,false,https://www.cmegroup.com/markets/interest-rates/stirs/30-day-federal-fund.html
30 DAY FEDERAL FUNDS FUTURES,ZQF8,JAN 2028,https://www.cmegroup.com/apps/cmegroup/widgets/productLibs/esignal-charts.html?type=p&code=ZQ&title=Chart%20-%20JAN%202028%2030%20Day%20Federal%20Funds&venue=0&monthYear=F8&year=2028&exchangeCode=XCBT&interval=1&dataWidget=true,-,-,-,-,-,0,ZQF8,false,https://www.cmegroup.com/markets/interest-rates/stirs/30-day-federal-fund.html
